theme,n_comments,n_videos_appearing_in,high_intent_rate,neg_or_conf_rate,account_concentration_hhi,view_lift,payout_lift
MIXED,356,58,0.10674157303370786,0.9353932584269663,0.04696789536266349,1.3170512436320048,1.0
Movie Name Requests,87,23,0.896551724137931,0.7931034482758621,0.07372400756143667,2.6182199580461494,0.7275037369207772
Smooth Move Compliments,86,20,0.12790697674418605,0.8372093023255814,0.09000000000000002,20.774348216961343,0.8476457399103139
Short Minimal Reactions,47,18,0.0,0.9361702127659575,0.1111111111111111,5.433922685046449,1.175336322869955
Critical Comments About Woman,46,14,0.021739130434782608,0.8478260869565217,0.10204081632653061,5.295774647887324,1.4214499252615844
Knee Pun Wordplay,32,10,0.15625,0.9375,0.10000000000000003,1.596344021576266,1.2724588938714498
AI Content Questions,17,8,0.058823529411764705,0.8235294117647058,0.21875,36.967186095295176,1.4214499252615844
Traffic Stop Debate,15,3,0.0,1.0,0.3333333333333333,199.56068324842673,2.9895366218236172
Strike System References,3,1,0.0,1.0,1.0,,
